insert into Stats (game, lvl, stars, time, errors, caption) values (0, 11, 0, 1000000, 0, "1.1"), (0, 12, 0, 0, 0, "1.2"), (0, 13, 0, 0, 0, "1.3"), (0, 14, 0, 0, 0, "1.4"), (0, 15, 0, 0, 0, "1.5"), (0, 16, 0, 0, 0, "1.6"), (0, 17, 0, 0, 0, "1.7"),(0, 18, 0, 0, 0, "1.8"),(0, 19, 0, 0, 0, "1.9"),(0, 21, 0, 0, 0, "2.1"),(0, 22, 0, 0, 0, "2.2"),(0, 23, 0, 0, 0, "2.3"),(0, 24, 0, 0, 0, "2.4"),(0, 25, 0, 0, 0, "2.5"),(0, 26, 0, 0, 0, "2.6"),(0, 27, 0, 0, 0, "2.7"),(0, 28, 0, 0, 0, "2.8"),(0, 29, 0, 0, 0, "2.9"),(0, 31, 0, 0, 0, "3.1"),(0, 32, 0, 0, 0, "3.2"),(0, 33, 0, 0, 0, "3.3"),(0, 34, 0, 0, 0, "3.4"),(0, 35, 0, 0, 0, "3.5"),(0, 36, 0, 0, 0, "3.6"),(0, 37, 0, 0, 0, "3.7"),(0, 38, 0, 0, 0, "3.8"), (0, 39, 0, 0, 0, "3.9"),(0, 41, 0, 0, 0, "4.1"),(0, 42, 0, 0, 0, "4.2"),(0, 43, 0, 0, 0, "4.3"),(0, 44, 0, 0, 0, "4.4"),(0, 45, 0, 0, 0, "4.5"),(0, 46, 0, 0, 0, "4.6"),(0, 47, 0, 0, 0, "4.7"),(0, 48, 0, 0, 0, "4.8"),(0, 49, 0, 0, 0, "4.9"),(0, 51, 0, 0, 0, "5.1"),(0, 52, 0, 0, 0, "5.2"),(0, 53, 0, 0, 0, "5.3"),(0, 54, 0, 0, 0, "5.4"),(0, 55, 0, 0, 0, "5.5"),(0, 56, 0, 0, 0, "5.6"),(0, 57, 0, 0, 0, "5.7"),(0, 58, 0, 0, 0, "5.8"),(0, 59, 0, 0, 0, "5.9");
insert into Stats (game, lvl, stars, time, errors, caption) values (1, 1, 0, 1000000, 0, "1"), (1, 2, 0, 0, 0, "2"), (1, 3, 0, 0, 0, "3"), (1, 4, 0, 0, 0, "4"), (1, 5, 0, 0, 0, "5"), (1, 6, 0, 0, 0, "6"), (1, 7, 0, 0, 0, "7"),(1, 8, 0, 0, 0, "8"),(1, 9, 0, 0, 0, "9"),(1, 10, 0, 0, 0, "10"),(1, 11, 0, 0, 0, "11"),(1, 12, 0, 0, 0, "12"),(1, 13, 0, 0, 0, "13"),(1, 14, 0, 0, 0, "14"),(1, 15, 0, 0, 0, "15"),(1, 16, 0, 0, 0, "16"),(1, 17, 0, 0, 0, "17"),(1, 18, 0, 0, 0, "18"),(1, 19, 0, 0, 0, "19"),(1, 20, 0, 0, 0, "20"),(1, 21, 0, 0, 0, "21"),(1, 22, 0, 0, 0, "22"),(1, 23, 0, 0, 0, "23"),(1, 24, 0, 0, 0, "24"),(1, 25, 0, 0, 0, "25"), (1, 26, 0, 0, 0, "26"),(1, 27, 0, 0, 0, "27"),(1, 28, 0, 0, 0, "28"),(1, 29, 0, 0, 0, "29"),(1, 30, 0, 0, 0, "30"),(1, 31, 0, 0, 0, "31"),(1, 32, 0, 0, 0, "32"),(1, 33, 0, 0, 0, "33"),(1, 34, 0, 0, 0, "34"),(1, 35, 0, 0, 0, "35"),(1, 36, 0, 0, 0, "36"),(1, 37, 0, 0, 0, "37"),(1, 38, 0, 0, 0, "38"),(1, 39, 0, 0, 0, "39"),(1, 40, 0, 0, 0, "40"),(1, 41, 0, 0, 0, "41"),(1, 42, 0, 0, 0, "42"),(1, 43, 0, 0, 0, "43"),(1, 44, 0, 0, 0, "44"),(1, 45, 0, 0, 0, "45"),(1, 46, 0, 0, 0, "46"),(1, 47, 0, 0, 0, "47"),(1, 48, 0, 0, 0, "48"),(1, 49, 0, 0, 0, "49"),(1, 50, 0, 0, 0, "50"),(1, 51, 0, 0, 0, "51"),(1, 52, 0, 0, 0, "52"),(1, 53, 0, 0, 0, "53"),(1, 54, 0, 0, 0, "54"),(1, 55, 0, 0, 0, "55"),(1, 56, 0, 0, 0, "56"),(1, 57, 0, 0, 0, "57"),(1, 58, 0, 0, 0, "58"),(1, 59, 0, 0, 0, "59"),(1, 60, 0, 0, 0, "60");
insert into Stats (game, lvl, stars, time, errors, caption) values (2, 1, 0, 1000000, 0, "1"), (2, 2, 0, 0, 0, "2"), (2, 3, 0, 0, 0, "3"), (2, 4, 0, 0, 0, "4"), (2, 5, 0, 0, 0, "5"), (2, 6, 0, 0, 0, "6"), (2, 7, 0, 0, 0, "7"),(2, 8, 0, 0, 0, "8"),(2, 9, 0, 0, 0, "9"),(2, 10, 0, 0, 0, "10"),(2, 11, 0, 0, 0, "11"),(2, 12, 0, 0, 0, "12"),(2, 13, 0, 0, 0, "13"),(2, 14, 0, 0, 0, "14"),(2, 15, 0, 0, 0, "15"),(2, 16, 0, 0, 0, "16"),(2, 17, 0, 0, 0, "17"),(2, 18, 0, 0, 0, "18"),(2, 19, 0, 0, 0, "19"),(2, 20, 0, 0, 0, "20"),(2, 21, 0, 0, 0, "21"),(2, 22, 0, 0, 0, "22"),(2, 23, 0, 0, 0, "23"),(2, 24, 0, 0, 0, "24"),(2, 25, 0, 0, 0, "25"), (2, 26, 0, 0, 0, "26"),(2, 27, 0, 0, 0, "27"),(2, 28, 0, 0, 0, "28"),(2, 29, 0, 0, 0, "29"),(2, 30, 0, 0, 0, "30"),(2, 31, 0, 0, 0, "31"),(2, 32, 0, 0, 0, "32"),(2, 33, 0, 0, 0, "33"),(2, 34, 0, 0, 0, "34"),(2, 35, 0, 0, 0, "35"),(2, 36, 0, 0, 0, "36"),(2, 37, 0, 0, 0, "37"),(2, 38, 0, 0, 0, "38"),(2, 39, 0, 0, 0, "39"),(2, 40, 0, 0, 0, "40"),(2, 41, 0, 0, 0, "41"),(2, 42, 0, 0, 0, "42"),(2, 43, 0, 0, 0, "43"),(2, 44, 0, 0, 0, "44"),(2, 45, 0, 0, 0, "45"),(2, 46, 0, 0, 0, "46"),(2, 47, 0, 0, 0, "47"),(2, 48, 0, 0, 0, "48"),(2, 49, 0, 0, 0, "49"),(2, 50, 0, 0, 0, "50"),(2, 51, 0, 0, 0, "51"),(2, 52, 0, 0, 0, "52"),(2, 53, 0, 0, 0, "53"),(2, 54, 0, 0, 0, "54"),(2, 55, 0, 0, 0, "55"),(2, 56, 0, 0, 0, "56"),(2, 57, 0, 0, 0, "57"),(2, 58, 0, 0, 0, "58"),(2, 59, 0, 0, 0, "59"),(2, 60, 0, 0, 0, "60");
insert into CalcGameLevel (lvl, type, operations, firstOperandMin, firstOperandMax, secondOperandMin, secondOperandMax, resultMin, resultMax) values (11, "Int", "PLUS", "0", "10", "0", "10", "0", "20"),(12, "Int", "PLUS", "10", "20", "10", "20", "20", "40"),(13, "Int", "PLUS", "20", "30", "20", "30", "20", "60"),(14, "Int", "PLUS", "20", "30", "20", "30", "20", "60"),(15, "Int", "PLUS", "30", "40", "30", "40", "20", "80"),(16, "Int", "PLUS", "30", "40", "30", "40", "20", "80"),(17, "Int", "PLUS", "40", "50", "40", "50", "20", "100"),(18, "Int", "PLUS", "40", "50", "40", "50", "20", "100"),(19, "Int", "PLUS", "40", "60", "40", "60", "20", "120"),(21, "Int", "MINUS", "0", "10", "0", "10", "0", "10"),(22, "Int", "MINUS", "20", "20", "0", "20", "0", "20"),(23, "Int", "MINUS", "30", "30", "0", "30", "0", "30"),(24, "Int", "MINUS", "30", "30", "0", "30", "0", "30"),(25, "Int", "MINUS", "40", "40", "0", "40", "0", "40"),(26, "Int", "MINUS", "50", "50", "0", "50", "0", "50"),(27, "Int", "MINUS", "60", "60", "0", "60", "0", "60"),(28, "Int", "MINUS", "70", "60", "0", "70", "0", "70"),(29, "Int", "MINUS", "80", "70", "0", "70", "0", "80"),(31, "Int", "PLUS MINUS", "0", "50", "0", "50", "0", "100"),(32, "Int", "PLUS MINUS", "0", "50", "0", "50", "0", "100"),(33, "Int", "PLUS MINUS", "0", "50", "0", "50", "0", "100"),(34, "Int", "PLUS MINUS", "0", "50", "0", "50", "0", "100"),(35, "Int", "PLUS MINUS", "0", "60", "0", "60", "0", "120"),(36, "Int", "PLUS MINUS", "0", "70", "0", "70", "0", "140"),(37, "Int", "PLUS MINUS", "0", "100", "0", "100", "0", "200"),(38, "Int", "PLUS MINUS", "0", "100", "0", "100", "0", "200"),(39, "Int", "PLUS MINUS", "0", "100", "0", "100", "0", "200"),(41, "Int", "PLUS MINUS MULTIPLY", "0", "100", "0", "100", "0", "100"),(42, "Int", "PLUS MINUS MULTIPLY", "0", "100", "0", "100", "0", "100"),(43, "Int", "PLUS MINUS MULTIPLY", "0", "100", "0", "100", "0", "100"),(44, "Int", "PLUS MINUS MULTIPLY", "0", "100", "0", "100", "0", "100"),(45, "Int", "PLUS MINUS MULTIPLY", "0", "100", "0", "100", "0", "100"),(46, "Int", "PLUS MINUS MULTIPLY", "0", "100", "0", "100", "0", "100"),(47, "Int", "PLUS MINUS MULTIPLY", "0", "100", "0", "100", "0", "100"),(48, "Int", "PLUS MINUS MULTIPLY", "0", "100", "0", "100", "0", "100"),(49, "Int", "PLUS MINUS MULTIPLY", "0", "100", "0", "100", "0", "100"),(51, "Int", "PLUS MINUS MULTIPLY DIVIDE", "0", "100", "0", "100", "0", "100"),(52, "Int", "PLUS MINUS MULTIPLY DIVIDE", "0", "100", "0", "100", "0", "100"),(53, "Int", "PLUS MINUS MULTIPLY DIVIDE", "0", "100", "0", "100", "0", "100"),(54, "Int", "PLUS MINUS MULTIPLY DIVIDE", "0", "100", "0", "100", "0", "100"),(55, "Int", "PLUS MINUS MULTIPLY DIVIDE", "0", "100", "0", "100", "0", "100"),(56, "Int", "PLUS MINUS MULTIPLY DIVIDE", "0", "100", "0", "100", "0", "100"),(57, "Int", "PLUS MINUS MULTIPLY DIVIDE", "0", "100", "0", "100", "0", "100"),(58, "Int", "PLUS MINUS MULTIPLY DIVIDE", "0", "100", "0", "100", "0", "100"),(59, "Int", "PLUS MINUS MULTIPLY DIVIDE", "0", "100", "0", "100", "0", "100");
insert into PairGameLevel (lvl, num, inc, width, height, screens) values (1, 54, 3, 4, 6, 1), (2, 57, 3, 4, 6, 1), (3, 60, 3, 4, 6, 1), (4, 63, 3, 4, 6, 1), (5, 66, 3, 4, 6, 1), (6, 69, 3, 4, 6, 1), (7, 72, 3, 4, 6, 1), (8, 75, 3, 4, 6, 1), (9, 78, 3, 4, 6, 1), (10, 81, 3, 4, 6, 1), (11, 84, 3, 4, 6, 2), (12, 87, 3, 4, 6, 2), (13, 90, 3, 4, 6, 2), (14, 93, 3, 4, 6, 2), (15, 96, 3, 4, 6, 2), (16, 99, 3, 4, 6, 2), (17, 102, 3, 4, 6, 2), (18, 105, 3, 4, 6, 2), (19, 108, 3, 4, 6, 2), (20, 111, 3, 4, 6, 3), (21, 114, 3, 4, 6, 3), (22, 117, 3, 4, 6, 3), (23, 120, 3, 4, 6, 3), (24, 123, 3, 4, 6, 3), (25, 126, 3, 4, 6, 3), (26, 129, 3, 4, 6, 3), (27, 132, 3, 4, 6, 3), (28, 135, 3, 4, 6, 3), (29, 138, 3, 4, 6, 3), (30, 141, 3, 4, 6, 4), (31, 144, 3, 4, 6, 4), (32, 147, 3, 4, 6, 4), (33, 150, 3, 4, 6, 4), (34, 153, 3, 4, 6, 4), (35, 156, 3, 4, 6, 4), (36, 159, 3, 4, 6, 4), (37, 162, 3, 4, 6, 4), (38, 165, 3, 4, 6, 4), (39, 168, 3, 4, 6, 4), (40, 171, 3, 6, 8, 5), (41, 174, 3, 6, 8, 5), (42, 177, 3, 6, 8, 5), (43, 180, 3, 6, 8, 5), (44, 183, 3, 6, 8, 5), (45, 186, 3, 6, 8, 5), (46, 189, 3, 6, 8, 5), (47, 192, 3, 6, 8, 5), (48, 195, 3, 6, 8, 5), (49, 198, 3, 6, 8, 5), (50, 201, 3, 6, 8, 5), (51, 204, 0, 6, 8, 6), (52, 204, 0, 6, 8, 6), (53, 204, 0, 6, 8, 6), (54, 204, 0, 6, 8, 6), (55, 204, 0, 6, 8, 6), (56, 204, 0, 6, 8, 6), (57, 204, 0, 6, 8, 6), (58, 204, 0, 6, 8, 6), (59, 204, 0, 6, 8, 6), (60, 204, 0, 6, 8, 6)